{"filename":"/Volumes/D/Level_2/8917/Lab/lab2/Intelligent-PDF-Summarizer/__azurite_db_queue_extent__.json","collections":[{"name":"$EXTENTS_COLLECTION$","data":[{"id":"491156e2-8fbc-4426-ab09-481a7c747c65","locationId":"Default","path":"491156e2-8fbc-4426-ab09-481a7c747c65","size":29100,"lastModifiedInMS":1750273855843,"meta":{"revision":12,"created":1750273855843,"version":0,"updated":1750273873167},"$loki":3,"LastModifyInMS":1750273873167}],"idIndex":[3],"binaryIndices":{"id":{"name":"id","dirty":false,"values":[0]}},"constraints":null,"uniqueNames":[],"transforms":{},"objType":"$EXTENTS_COLLECTION$","dirty":false,"cachedIndex":null,"cachedBinaryIndex":null,"cachedData":null,"adaptiveBinaryIndices":true,"transactional":false,"cloneObjects":false,"cloneMethod":"parse-stringify","asyncListeners":false,"disableMeta":false,"disableChangesApi":true,"disableDeltaChangesApi":true,"autoupdate":false,"serializableIndices":true,"disableFreeze":true,"ttl":null,"maxId":3,"DynamicViews":[],"events":{"insert":[],"update":[],"pre-insert":[],"pre-update":[],"close":[],"flushbuffer":[],"error":[],"delete":[null],"warning":[null]},"changes":[],"dirtyIds":[]}],"databaseVersion":1.5,"engineVersion":1.5,"autosave":true,"autosaveInterval":5000,"autosaveHandle":null,"throttledSaves":true,"options":{"persistenceMethod":"fs","autosave":true,"autosaveInterval":5000,"serializationMethod":"normal","destructureDelimiter":"$<\n"},"persistenceMethod":"fs","persistenceAdapter":null,"verbose":false,"events":{"init":[null],"loaded":[],"flushChanges":[],"close":[],"changes":[],"warning":[]},"ENV":"NODEJS"}