{"filename":"/Volumes/D/Level_2/8917/Lab/lab2/Intelligent-PDF-Summarizer/__azurite_db_blob__.json","collections":[{"name":"$SERVICES_COLLECTION$","data":[],"idIndex":null,"binaryIndices":{},"constraints":null,"uniqueNames":["accountName"],"transforms":{},"objType":"$SERVICES_COLLECTION$","dirty":false,"cachedIndex":null,"cachedBinaryIndex":null,"cachedData":null,"adaptiveBinaryIndices":true,"transactional":false,"cloneObjects":false,"cloneMethod":"parse-stringify","asyncListeners":false,"disableMeta":false,"disableChangesApi":true,"disableDeltaChangesApi":true,"autoupdate":false,"serializableIndices":true,"disableFreeze":true,"ttl":null,"maxId":0,"DynamicViews":[],"events":{"insert":[],"update":[],"pre-insert":[],"pre-update":[],"close":[],"flushbuffer":[],"error":[],"delete":[null],"warning":[null]},"changes":[],"dirtyIds":[]},{"name":"$CONTAINERS_COLLECTION$","data":[{"accountName":"devstoreaccount1","name":"azure-webjobs-hosts","properties":{"etag":"\"0x24F265D9E1CC840\"","lastModified":"2025-06-18T15:51:02.693Z","leaseStatus":"unlocked","leaseState":"available","hasImmutabilityPolicy":false,"hasLegalHold":false},"meta":{"revision":0,"created":1750261862694,"version":0},"$loki":1},{"accountName":"devstoreaccount1","name":"azure-webjobs-secrets","properties":{"etag":"\"0x220787A2E062900\"","lastModified":"2025-06-18T16:24:15.872Z","leaseStatus":"unlocked","leaseState":"available","hasImmutabilityPolicy":false,"hasLegalHold":false},"meta":{"revision":0,"created":1750263855873,"version":0},"$loki":2},{"accountName":"devstoreaccount1","name":"testhubname-applease","properties":{"etag":"\"0x1F6D0A2CB52BA10\"","lastModified":"2025-06-18T16:24:15.991Z","leaseStatus":"locked","leaseState":"leased","hasImmutabilityPolicy":false,"hasLegalHold":false,"leaseDuration":"fixed"},"meta":{"revision":312,"created":1750263855992,"version":0,"updated":1750274438838},"$loki":3,"leaseId":"811c9dc5-0000-0000-0000-000000000000","leaseExpireTime":"2025-06-18T19:21:38.837Z","leaseDurationSeconds":60},{"accountName":"devstoreaccount1","name":"input","properties":{"etag":"\"0x26108CD57554400\"","lastModified":"2025-06-18T16:40:33.407Z","leaseStatus":"unlocked","leaseState":"available","hasImmutabilityPolicy":false,"hasLegalHold":false},"meta":{"revision":0,"created":1750264833408,"version":0},"$loki":4},{"accountName":"devstoreaccount1","name":"output","properties":{"etag":"\"0x1FBB252E6882A50\"","lastModified":"2025-06-18T16:42:29.319Z","leaseStatus":"unlocked","leaseState":"available","hasImmutabilityPolicy":false,"hasLegalHold":false},"meta":{"revision":0,"created":1750264949319,"version":0},"$loki":5}],"idIndex":[1,2,3,4,5],"binaryIndices":{"accountName":{"name":"accountName","dirty":false,"values":[2,4,3,1,0]},"name":{"name":"name","dirty":false,"values":[0,1,3,4,2]}},"constraints":null,"uniqueNames":[],"transforms":{},"objType":"$CONTAINERS_COLLECTION$","dirty":false,"cachedIndex":null,"cachedBinaryIndex":null,"cachedData":null,"adaptiveBinaryIndices":true,"transactional":false,"cloneObjects":false,"cloneMethod":"parse-stringify","asyncListeners":false,"disableMeta":false,"disableChangesApi":true,"disableDeltaChangesApi":true,"autoupdate":false,"serializableIndices":true,"disableFreeze":true,"ttl":null,"maxId":5,"DynamicViews":[],"events":{"insert":[],"update":[],"pre-insert":[],"pre-update":[],"close":[],"flushbuffer":[],"error":[],"delete":[null],"warning":[null]},"changes":[],"dirtyIds":[]},{"name":"$BLOBS_COLLECTION$","data":[{"deleted":false,"metadata":{"FunctionInstance":"0000000000000000000000003B57597C"},"accountName":"devstoreaccount1","containerName":"azure-webjobs-hosts","name":"locks/duanm4-384752269/host","properties":{"creationTime":"2025-06-18T15:51:02.696Z","lastModified":"2025-06-18T19:10:18.582Z","etag":"\"0x1DC0DFB8F18EFB0\"","contentLength":0,"contentType":"application/octet-stream","contentMD5":{"type":"Buffer","data":[212,29,140,217,143,0,178,4,233,128,9,152,236,248,66,126]},"blobType":"BlockBlob","leaseStatus":"locked","leaseState":"leased","serverEncrypted":true,"accessTier":"Hot","accessTierInferred":true,"accessTierChangeTime":"2025-06-18T15:51:02.696Z","leaseDuration":"fixed"},"snapshot":"","isCommitted":true,"persistency":{"id":"b82a4392-012a-49e0-9b2a-5d993526e9eb","offset":0,"count":0},"meta":{"revision":776,"created":1750261862703,"version":0,"updated":1750274442589},"$loki":1,"leaseId":"0000000000000000000000003B57597C","leaseExpireTime":"2025-06-18T19:20:57.589Z","leaseDurationSeconds":15},{"deleted":false,"accountName":"devstoreaccount1","containerName":"azure-webjobs-secrets","name":"duanm4-384752269/host.json","properties":{"creationTime":"2025-06-18T16:24:15.926Z","lastModified":"2025-06-18T16:24:15.926Z","etag":"\"0x226E4DD3CEDFFE0\"","contentLength":756,"contentType":"application/octet-stream","contentMD5":{"type":"Buffer","data":[195,228,38,176,105,22,236,234,194,50,135,62,255,40,134,27]},"blobType":"BlockBlob","leaseStatus":"unlocked","leaseState":"available","serverEncrypted":true,"accessTier":"Hot","accessTierInferred":true,"accessTierChangeTime":"2025-06-18T16:24:15.926Z"},"snapshot":"","isCommitted":true,"persistency":{"id":"7cef4791-db62-42a4-81eb-adf68b48bb33","offset":1066,"count":756},"meta":{"revision":0,"created":1750263855932,"version":0},"$loki":4},{"deleted":false,"accountName":"devstoreaccount1","containerName":"azure-webjobs-hosts","name":"locks/duanm4-384752269/WebJobs.Internal.Blobs.Listener","properties":{"creationTime":"2025-06-18T16:24:16.002Z","lastModified":"2025-06-18T16:24:16.002Z","etag":"\"0x254D8AD88BBB5E0\"","contentLength":0,"contentType":"application/octet-stream","contentMD5":{"type":"Buffer","data":[212,29,140,217,143,0,178,4,233,128,9,152,236,248,66,126]},"blobType":"BlockBlob","leaseStatus":"locked","leaseState":"leased","serverEncrypted":true,"accessTier":"Hot","accessTierInferred":true,"accessTierChangeTime":"2025-06-18T16:24:16.002Z","leaseDuration":"fixed"},"snapshot":"","isCommitted":true,"persistency":{"id":"7cef4791-db62-42a4-81eb-adf68b48bb33","offset":1822,"count":0},"meta":{"revision":956,"created":1750263856007,"version":0,"updated":1750274444059},"$loki":5,"leaseId":"a6eb7713-1b25-4baf-8d0e-c86824f873ff","leaseExpireTime":"2025-06-18T19:20:59.058Z","leaseDurationSeconds":15},{"deleted":false,"accountName":"devstoreaccount1","containerName":"testhubname-applease","name":"testhubname-appleaseinfo","properties":{"creationTime":"2025-06-18T16:24:16.061Z","lastModified":"2025-06-18T16:24:16.061Z","etag":"\"0x2447E18ED5BE780\"","contentLength":71,"contentType":"application/octet-stream","contentMD5":{"type":"Buffer","data":[219,76,3,245,53,70,139,220,247,201,80,127,178,151,74,135]},"blobType":"BlockBlob","leaseStatus":"unlocked","leaseState":"available","serverEncrypted":true,"accessTier":"Hot","accessTierInferred":true,"accessTierChangeTime":"2025-06-18T16:24:16.061Z"},"snapshot":"","isCommitted":true,"persistency":{"id":"7cef4791-db62-42a4-81eb-adf68b48bb33","offset":1822,"count":71},"meta":{"revision":0,"created":1750263856066,"version":0},"$loki":7},{"deleted":false,"accountName":"devstoreaccount1","containerName":"azure-webjobs-hosts","name":"blobreceipts/duanm4-384752269/Host.Functions.blob_trigger/\"0x250C6337BA29600\"/input/Week 5 - Developing and deploying Azure Functions.pdf","properties":{"creationTime":"2025-06-18T17:00:34.583Z","lastModified":"2025-06-18T17:00:34.646Z","etag":"\"0x1BC9B6A95E6B6B0\"","contentLength":0,"contentType":"application/octet-stream","contentMD5":{"type":"Buffer","data":[212,29,140,217,143,0,178,4,233,128,9,152,236,248,66,126]},"blobType":"BlockBlob","leaseStatus":"unlocked","leaseState":"available","serverEncrypted":true,"accessTier":"Hot","accessTierInferred":true,"accessTierChangeTime":"2025-06-18T17:00:34.583Z"},"snapshot":"","isCommitted":true,"persistency":{"id":"7cef4791-db62-42a4-81eb-adf68b48bb33","offset":355459,"count":0},"meta":{"revision":3,"created":1750266034598,"version":0,"updated":1750266034650},"$loki":9},{"deleted":false,"accountName":"devstoreaccount1","containerName":"azure-webjobs-hosts","name":"blobreceipts/duanm4-384752269/Host.Functions.blob_trigger/\"0x20F07838C7F9C80\"/input/25S_CST8919_Week 2 - Single Sign-On (SSO) and Federated Identity Management (FIM).pdf","properties":{"creationTime":"2025-06-18T17:05:45.442Z","lastModified":"2025-06-18T17:05:45.496Z","etag":"\"0x21D006B355C0480\"","contentLength":0,"contentType":"application/octet-stream","contentMD5":{"type":"Buffer","data":[212,29,140,217,143,0,178,4,233,128,9,152,236,248,66,126]},"blobType":"BlockBlob","leaseStatus":"unlocked","leaseState":"available","serverEncrypted":true,"accessTier":"Hot","accessTierInferred":true,"accessTierChangeTime":"2025-06-18T17:05:45.442Z"},"snapshot":"","isCommitted":true,"persistency":{"id":"7cef4791-db62-42a4-81eb-adf68b48bb33","offset":913083,"count":0},"meta":{"revision":3,"created":1750266345447,"version":0,"updated":1750266345503},"$loki":11},{"deleted":false,"accountName":"devstoreaccount1","containerName":"azure-webjobs-hosts","name":"blobreceipts/duanm4-384752269/Host.Functions.blob_trigger/\"0x23F10A45DE7A1C0\"/input/TEAM8_WEEK1_TECHNOLOGIES (1).pdf","properties":{"creationTime":"2025-06-18T17:10:47.209Z","lastModified":"2025-06-18T17:10:47.248Z","etag":"\"0x1FFC38673CF7F90\"","contentLength":0,"contentType":"application/octet-stream","contentMD5":{"type":"Buffer","data":[212,29,140,217,143,0,178,4,233,128,9,152,236,248,66,126]},"blobType":"BlockBlob","leaseStatus":"unlocked","leaseState":"available","serverEncrypted":true,"accessTier":"Hot","accessTierInferred":true,"accessTierChangeTime":"2025-06-18T17:10:47.209Z"},"snapshot":"","isCommitted":true,"persistency":{"id":"7cef4791-db62-42a4-81eb-adf68b48bb33","offset":4854234,"count":0},"meta":{"revision":3,"created":1750266647215,"version":0,"updated":1750266647251},"$loki":13},{"deleted":false,"accountName":"devstoreaccount1","containerName":"azure-webjobs-hosts","name":"blobreceipts/duanm4-384752269/Host.Functions.blob_trigger/\"0x1D9AD682D573600\"/input/Week 5 - Developing and deploying Azure Functions.pdf","properties":{"creationTime":"2025-06-18T17:14:03.126Z","lastModified":"2025-06-18T17:14:03.167Z","etag":"\"0x235D65737C4DB20\"","contentLength":0,"contentType":"application/octet-stream","contentMD5":{"type":"Buffer","data":[212,29,140,217,143,0,178,4,233,128,9,152,236,248,66,126]},"blobType":"BlockBlob","leaseStatus":"unlocked","leaseState":"available","serverEncrypted":true,"accessTier":"Hot","accessTierInferred":true,"accessTierChangeTime":"2025-06-18T17:14:03.126Z"},"snapshot":"","isCommitted":true,"persistency":{"id":"7cef4791-db62-42a4-81eb-adf68b48bb33","offset":5207798,"count":0},"meta":{"revision":3,"created":1750266843132,"version":0,"updated":1750266843169},"$loki":15},{"accountName":"devstoreaccount1","containerName":"input","name":"25S_CST8919_Week 4 - Audit Logs & Event Analysis.pdf","properties":{"creationTime":"2025-06-18T17:41:03.495Z","lastModified":"2025-06-18T17:41:03.495Z","etag":"\"0x25895C9B2C73FC0\"","contentLength":385676,"contentType":"application/pdf","contentMD5":{"type":"Buffer","data":[7,171,200,204,21,218,172,66,112,59,247,96,27,121,164,136]},"blobType":"BlockBlob","leaseStatus":"unlocked","leaseState":"available","serverEncrypted":true,"accessTier":"Hot","accessTierInferred":true,"accessTierChangeTime":"2025-06-18T17:41:03.495Z"},"snapshot":"","isCommitted":true,"persistency":{"id":"7cef4791-db62-42a4-81eb-adf68b48bb33","offset":5207800,"count":385676},"meta":{"revision":0,"created":1750268463505,"version":0},"$loki":16},{"deleted":false,"accountName":"devstoreaccount1","containerName":"azure-webjobs-hosts","name":"blobreceipts/duanm4-384752269/Host.Functions.blob_trigger/\"0x25895C9B2C73FC0\"/input/25S_CST8919_Week 4 - Audit Logs & Event Analysis.pdf","properties":{"creationTime":"2025-06-18T17:41:04.222Z","lastModified":"2025-06-18T17:41:04.265Z","etag":"\"0x1BB00DFDEDF4870\"","contentLength":0,"contentType":"application/octet-stream","contentMD5":{"type":"Buffer","data":[212,29,140,217,143,0,178,4,233,128,9,152,236,248,66,126]},"blobType":"BlockBlob","leaseStatus":"unlocked","leaseState":"available","serverEncrypted":true,"accessTier":"Hot","accessTierInferred":true,"accessTierChangeTime":"2025-06-18T17:41:04.222Z"},"snapshot":"","isCommitted":true,"persistency":{"id":"7cef4791-db62-42a4-81eb-adf68b48bb33","offset":5593476,"count":0},"meta":{"revision":3,"created":1750268464227,"version":0,"updated":1750268464269},"$loki":17},{"deleted":false,"accountName":"devstoreaccount1","containerName":"azure-webjobs-hosts","name":"blobreceipts/duanm4-384752269/Host.Functions.blob_trigger/\"0x23165F2585C52A0\"/input/Week 5 - Developing and deploying Azure Functions.pdf","properties":{"creationTime":"2025-06-18T17:53:13.038Z","lastModified":"2025-06-18T17:53:13.077Z","etag":"\"0x22B09792FEB3EA0\"","contentLength":0,"contentType":"application/octet-stream","contentMD5":{"type":"Buffer","data":[212,29,140,217,143,0,178,4,233,128,9,152,236,248,66,126]},"blobType":"BlockBlob","leaseStatus":"unlocked","leaseState":"available","serverEncrypted":true,"accessTier":"Hot","accessTierInferred":true,"accessTierChangeTime":"2025-06-18T17:53:13.038Z"},"snapshot":"","isCommitted":true,"persistency":{"id":"7cef4791-db62-42a4-81eb-adf68b48bb33","offset":5947038,"count":0},"meta":{"revision":3,"created":1750269193043,"version":0,"updated":1750269193081},"$loki":19},{"deleted":false,"accountName":"devstoreaccount1","containerName":"azure-webjobs-hosts","name":"blobreceipts/duanm4-384752269/Host.Functions.blob_trigger/\"0x2030C3C8AD23180\"/input/Week 5 - Developing and deploying Azure Functions.pdf","properties":{"creationTime":"2025-06-18T17:57:17.025Z","lastModified":"2025-06-18T17:57:17.064Z","etag":"\"0x212BC8053150CA0\"","contentLength":0,"contentType":"application/octet-stream","contentMD5":{"type":"Buffer","data":[212,29,140,217,143,0,178,4,233,128,9,152,236,248,66,126]},"blobType":"BlockBlob","leaseStatus":"unlocked","leaseState":"available","serverEncrypted":true,"accessTier":"Hot","accessTierInferred":true,"accessTierChangeTime":"2025-06-18T17:57:17.025Z"},"snapshot":"","isCommitted":true,"persistency":{"id":"7cef4791-db62-42a4-81eb-adf68b48bb33","offset":6300602,"count":0},"meta":{"revision":3,"created":1750269437031,"version":0,"updated":1750269437068},"$loki":21},{"accountName":"devstoreaccount1","containerName":"input","name":"25S_CST8917_Week 2 - Azure Functions.pdf","properties":{"creationTime":"2025-06-18T18:06:15.280Z","lastModified":"2025-06-18T18:06:15.280Z","etag":"\"0x260753790B211C0\"","contentLength":811844,"contentType":"application/pdf","contentMD5":{"type":"Buffer","data":[49,118,189,123,133,57,131,33,80,123,105,16,18,120,77,248]},"blobType":"BlockBlob","leaseStatus":"unlocked","leaseState":"available","serverEncrypted":true,"accessTier":"Hot","accessTierInferred":true,"accessTierChangeTime":"2025-06-18T18:06:15.280Z"},"snapshot":"","isCommitted":true,"persistency":{"id":"7cef4791-db62-42a4-81eb-adf68b48bb33","offset":6300604,"count":811844},"meta":{"revision":0,"created":1750269975294,"version":0},"$loki":22},{"deleted":false,"accountName":"devstoreaccount1","containerName":"azure-webjobs-hosts","name":"blobreceipts/duanm4-384752269/Host.Functions.blob_trigger/\"0x260753790B211C0\"/input/25S_CST8917_Week 2 - Azure Functions.pdf","properties":{"creationTime":"2025-06-18T18:06:16.778Z","lastModified":"2025-06-18T18:06:16.815Z","etag":"\"0x239E944E86FBDC0\"","contentLength":0,"contentType":"application/octet-stream","contentMD5":{"type":"Buffer","data":[212,29,140,217,143,0,178,4,233,128,9,152,236,248,66,126]},"blobType":"BlockBlob","leaseStatus":"unlocked","leaseState":"available","serverEncrypted":true,"accessTier":"Hot","accessTierInferred":true,"accessTierChangeTime":"2025-06-18T18:06:16.778Z"},"snapshot":"","isCommitted":true,"persistency":{"id":"7cef4791-db62-42a4-81eb-adf68b48bb33","offset":7112448,"count":0},"meta":{"revision":3,"created":1750269976783,"version":0,"updated":1750269976819},"$loki":23},{"deleted":false,"accountName":"devstoreaccount1","containerName":"azure-webjobs-hosts","name":"blobreceipts/duanm4-384752269/Host.Functions.blob_trigger/\"0x1C0D2FB0695A990\"/input/CertificateOfCompletion_Continuous Integration Tools.pdf","properties":{"creationTime":"2025-06-18T18:12:52.289Z","lastModified":"2025-06-18T18:12:52.340Z","etag":"\"0x2206913DD4D8E00\"","contentLength":0,"contentType":"application/octet-stream","contentMD5":{"type":"Buffer","data":[212,29,140,217,143,0,178,4,233,128,9,152,236,248,66,126]},"blobType":"BlockBlob","leaseStatus":"unlocked","leaseState":"available","serverEncrypted":true,"accessTier":"Hot","accessTierInferred":true,"accessTierChangeTime":"2025-06-18T18:12:52.289Z"},"snapshot":"","isCommitted":true,"persistency":{"id":"7cef4791-db62-42a4-81eb-adf68b48bb33","offset":7180890,"count":0},"meta":{"revision":3,"created":1750270372297,"version":0,"updated":1750270372344},"$loki":25},{"accountName":"devstoreaccount1","containerName":"input","name":"Week 5 - Developing and deploying Azure Functions.pdf","properties":{"creationTime":"2025-06-18T18:29:24.272Z","lastModified":"2025-06-18T18:29:24.272Z","etag":"\"0x240F82617C9E800\"","contentLength":353560,"contentType":"application/pdf","contentMD5":{"type":"Buffer","data":[62,6,106,45,106,246,73,147,221,170,107,54,17,147,18,75]},"blobType":"BlockBlob","leaseStatus":"unlocked","leaseState":"available","serverEncrypted":true,"accessTier":"Hot","accessTierInferred":true,"accessTierChangeTime":"2025-06-18T18:29:24.272Z"},"snapshot":"","isCommitted":true,"persistency":{"id":"1b5ffec1-25c5-4659-b292-c4ae9e04d3a8","offset":4,"count":353560},"meta":{"revision":0,"created":1750271364286,"version":0},"$loki":26},{"deleted":false,"accountName":"devstoreaccount1","containerName":"azure-webjobs-hosts","name":"blobreceipts/duanm4-384752269/Host.Functions.blob_trigger/\"0x240F82617C9E800\"/input/Week 5 - Developing and deploying Azure Functions.pdf","properties":{"creationTime":"2025-06-18T18:29:24.577Z","lastModified":"2025-06-18T18:29:24.622Z","etag":"\"0x1D199E40FE654D0\"","contentLength":0,"contentType":"application/octet-stream","contentMD5":{"type":"Buffer","data":[212,29,140,217,143,0,178,4,233,128,9,152,236,248,66,126]},"blobType":"BlockBlob","leaseStatus":"unlocked","leaseState":"available","serverEncrypted":true,"accessTier":"Hot","accessTierInferred":true,"accessTierChangeTime":"2025-06-18T18:29:24.577Z"},"snapshot":"","isCommitted":true,"persistency":{"id":"1b5ffec1-25c5-4659-b292-c4ae9e04d3a8","offset":353564,"count":0},"meta":{"revision":3,"created":1750271364584,"version":0,"updated":1750271364628},"$loki":27},{"accountName":"devstoreaccount1","containerName":"input","name":"CertificateOfCompletion_Continuous Integration Tools.pdf","properties":{"creationTime":"2025-06-18T19:10:53.940Z","lastModified":"2025-06-18T19:10:53.940Z","etag":"\"0x1DA254859E44190\"","contentLength":68438,"contentType":"application/pdf","contentMD5":{"type":"Buffer","data":[21,4,26,48,238,184,19,254,14,236,200,41,206,207,113,236]},"blobType":"BlockBlob","leaseStatus":"unlocked","leaseState":"available","serverEncrypted":true,"accessTier":"Hot","accessTierInferred":true,"accessTierChangeTime":"2025-06-18T19:10:53.940Z"},"snapshot":"","isCommitted":true,"persistency":{"id":"a3c0400b-fffb-43e0-954a-5726e9903acf","offset":2,"count":68438},"meta":{"revision":0,"created":1750273853949,"version":0},"$loki":28},{"deleted":false,"accountName":"devstoreaccount1","containerName":"azure-webjobs-hosts","name":"blobreceipts/duanm4-384752269/Host.Functions.blob_trigger/\"0x1DA254859E44190\"/input/CertificateOfCompletion_Continuous Integration Tools.pdf","properties":{"creationTime":"2025-06-18T19:10:55.813Z","lastModified":"2025-06-18T19:10:55.851Z","etag":"\"0x2420D57F21877C0\"","contentLength":0,"contentType":"application/octet-stream","contentMD5":{"type":"Buffer","data":[212,29,140,217,143,0,178,4,233,128,9,152,236,248,66,126]},"blobType":"BlockBlob","leaseStatus":"unlocked","leaseState":"available","serverEncrypted":true,"accessTier":"Hot","accessTierInferred":true,"accessTierChangeTime":"2025-06-18T19:10:55.813Z"},"snapshot":"","isCommitted":true,"persistency":{"id":"a3c0400b-fffb-43e0-954a-5726e9903acf","offset":68440,"count":0},"meta":{"revision":3,"created":1750273855818,"version":0,"updated":1750273855855},"$loki":29}],"idIndex":[1,4,5,7,9,11,13,15,16,17,19,21,22,23,25,26,27,28,29],"binaryIndices":{"accountName":{"name":"accountName","dirty":false,"values":[2,0,18,17,16,15,1,3,4,5,6,7,8,9,10,11,12,13,14]},"containerName":{"name":"containerName","dirty":false,"values":[2,0,18,16,4,5,6,7,9,10,11,13,14,1,17,15,8,12,3]},"name":{"name":"name","dirty":false,"values":[12,8,17,15,14,7,18,11,5,10,6,16,4,9,13,1,2,0,3]},"snapshot":{"name":"snapshot","dirty":false,"values":[2,0,18,17,16,15,1,3,4,5,6,7,8,9,10,11,12,13,14]}},"constraints":null,"uniqueNames":[],"transforms":{},"objType":"$BLOBS_COLLECTION$","dirty":false,"cachedIndex":null,"cachedBinaryIndex":null,"cachedData":null,"adaptiveBinaryIndices":true,"transactional":false,"cloneObjects":false,"cloneMethod":"parse-stringify","asyncListeners":false,"disableMeta":false,"disableChangesApi":true,"disableDeltaChangesApi":true,"autoupdate":false,"serializableIndices":true,"disableFreeze":true,"ttl":null,"maxId":29,"DynamicViews":[],"events":{"insert":[],"update":[],"pre-insert":[],"pre-update":[],"close":[],"flushbuffer":[],"error":[],"delete":[null],"warning":[null]},"changes":[],"dirtyIds":[]},{"name":"$BLOCKS_COLLECTION$","data":[],"idIndex":null,"binaryIndices":{"accountName":{"name":"accountName","dirty":false,"values":[]},"containerName":{"name":"containerName","dirty":false,"values":[]},"blobName":{"name":"blobName","dirty":false,"values":[]},"name":{"name":"name","dirty":false,"values":[]}},"constraints":null,"uniqueNames":[],"transforms":{},"objType":"$BLOCKS_COLLECTION$","dirty":false,"cachedIndex":null,"cachedBinaryIndex":null,"cachedData":null,"adaptiveBinaryIndices":true,"transactional":false,"cloneObjects":false,"cloneMethod":"parse-stringify","asyncListeners":false,"disableMeta":false,"disableChangesApi":true,"disableDeltaChangesApi":true,"autoupdate":false,"serializableIndices":true,"disableFreeze":true,"ttl":null,"maxId":0,"DynamicViews":[],"events":{"insert":[],"update":[],"pre-insert":[],"pre-update":[],"close":[],"flushbuffer":[],"error":[],"delete":[null],"warning":[null]},"changes":[],"dirtyIds":[]}],"databaseVersion":1.5,"engineVersion":1.5,"autosave":true,"autosaveInterval":5000,"autosaveHandle":null,"throttledSaves":true,"options":{"persistenceMethod":"fs","autosave":true,"autosaveInterval":5000,"serializationMethod":"normal","destructureDelimiter":"$<\n"},"persistenceMethod":"fs","persistenceAdapter":null,"verbose":false,"events":{"init":[null],"loaded":[],"flushChanges":[],"close":[],"changes":[],"warning":[]},"ENV":"NODEJS"}