{"filename":"/Volumes/D/Level_2/8917/Lab/lab2/Intelligent-PDF-Summarizer/__azurite_db_blob_extent__.json","collections":[{"name":"$EXTENTS_COLLECTION$","data":[{"id":"b82a4392-012a-49e0-9b2a-5d993526e9eb","locationId":"Default","path":"b82a4392-012a-49e0-9b2a-5d993526e9eb","size":0,"lastModifiedInMS":1750261862703,"meta":{"revision":0,"created":1750261862703,"version":0},"$loki":1},{"id":"7cef4791-db62-42a4-81eb-adf68b48bb33","locationId":"Default","path":"7cef4791-db62-42a4-81eb-adf68b48bb33","size":7180890,"lastModifiedInMS":1750263855891,"meta":{"revision":39,"created":1750263855891,"version":0,"updated":1750270372296},"$loki":2,"LastModifyInMS":1750270372296},{"id":"1b5ffec1-25c5-4659-b292-c4ae9e04d3a8","locationId":"Default","path":"1b5ffec1-25c5-4659-b292-c4ae9e04d3a8","size":353564,"lastModifiedInMS":1750271143079,"meta":{"revision":3,"created":1750271143079,"version":0,"updated":1750271364583},"$loki":4,"LastModifyInMS":1750271364583},{"id":"a3c0400b-fffb-43e0-954a-5726e9903acf","locationId":"Default","path":"a3c0400b-fffb-43e0-954a-5726e9903acf","size":68440,"lastModifiedInMS":1750273813676,"meta":{"revision":2,"created":1750273813676,"version":0,"updated":1750273855818},"$loki":5,"LastModifyInMS":1750273855818}],"idIndex":[1,2,4,5],"binaryIndices":{"id":{"name":"id","dirty":false,"values":[2,1,3,0]}},"constraints":null,"uniqueNames":[],"transforms":{},"objType":"$EXTENTS_COLLECTION$","dirty":false,"cachedIndex":null,"cachedBinaryIndex":null,"cachedData":null,"adaptiveBinaryIndices":true,"transactional":false,"cloneObjects":false,"cloneMethod":"parse-stringify","asyncListeners":false,"disableMeta":false,"disableChangesApi":true,"disableDeltaChangesApi":true,"autoupdate":false,"serializableIndices":true,"disableFreeze":true,"ttl":null,"maxId":5,"DynamicViews":[],"events":{"insert":[],"update":[],"pre-insert":[],"pre-update":[],"close":[],"flushbuffer":[],"error":[],"delete":[null],"warning":[null]},"changes":[],"dirtyIds":[]}],"databaseVersion":1.5,"engineVersion":1.5,"autosave":true,"autosaveInterval":5000,"autosaveHandle":null,"throttledSaves":true,"options":{"persistenceMethod":"fs","autosave":true,"autosaveInterval":5000,"serializationMethod":"normal","destructureDelimiter":"$<\n"},"persistenceMethod":"fs","persistenceAdapter":null,"verbose":false,"events":{"init":[null],"loaded":[],"flushChanges":[],"close":[],"changes":[],"warning":[]},"ENV":"NODEJS"}